Statut;Age;Revenu;Tendett;Nexp;Rabanque;Prof;Genre
1;38;124;19,1;7;5;4;0
1;45;125;10,2;9;11;4;0
1;39;126;9,2;9;5;4;0
1;20;127;13,5;0;0;4;0
1;61;128;10,4;7;22;4;0
1;45;129;5;19;7;4;0
1;47;130;15,4;8;13;4;0
1;37;131;1,8;1;10;4;0
1;18;132;9,9;0;0;4;0
1;26;133;0,8;4;4;4;0
1;19;134;6,7;0;0;4;0
1;46;135;12,1;2;14;4;0
1;52;136;17,5;8;6;4;0
1;27;137;15,1;4;2;4;0
1;47;138;15,2;6;11;4;0
1;62;139;5,9;31;14;4;0
1;36;140;5,7;9;7;4;0
1;59;141;6,7;33;17;4;0
1;35;142;19;10;4;4;0
1;20;143;2,3;2;0;4;0
1;39;144;15,2;3;9;4;0
1;53;145;0,5;17;9;4;0
1;32;146;13,7;8;5;4;0
1;27;147;14,4;1;2;4;0
1;27;148;13,2;6;5;4;0
1;18;149;12,2;0;0;4;0
1;21;150;12,1;0;1;4;0
1;41;151;0,3;21;9;4;0
1;51;152;22,7;19;16;4;0
1;19;153;4,4;0;0;4;0
1;27;154;2,6;3;4;4;0
1;31;155;7,8;9;6;4;0
1;22;156;9;4;1;4;0
1;20;157;9,8;0;1;4;0
1;30;158;10,8;4;6;4;0
1;51;159;1,4;14;16;4;0
1;23;160;0,7;0;1;4;0
1;36;161;21;1;8;4;0
1;24;162;5,6;2;3;4;0
1;23;163;3;2;2;4;0
1;21;164;8,5;0;1;4;0
1;26;165;2,7;3;4;4;0
1;21;166;6,3;0;1;4;0
1;44;167;2,8;2;17;4;0
1;43;168;3;13;12;4;0
1;54;169;13,6;13;18;4;0
1;70;170;13,3;33;17;4;0
1;46;171;4,5;5;9;4;0
1;32;172;1,8;12;9;4;0
1;37;173;14,4;3;8;4;0
1;29;174;6,3;6;5;4;0
1;51;75;7,7;22;14;4;0
1;31;61;2;5;3;4;0
1;53;80;12;7;16;4;0
1;36;124;1,4;7;9;4;0
1;25;16;3,2;0;3;4;0
1;23;17;6,4;0;2;4;0
1;23;18;6,7;0;2;4;0
1;24;19;8,4;0;2;4;0
1;39;20;7,2;8;9;4;0
1;40;21;10,6;15;6;4;0
1;55;22;9,9;34;16;4;0
1;31;23;6,8;5;7;4;0
1;26;24;6,9;4;2;4;0
1;42;25;9,7;16;11;4;0
1;26;26;8,2;2;3;4;0
1;41;27;5,2;7;12;4;0
1;42;28;6,1;15;7;4;0
1;35;29;4,7;0;7;4;0
1;29;30;1,3;1;4;4;0
1;39;31;3,7;2;9;4;0
1;33;32;12,1;8;4;4;0
1;36;33;12,2;16;4;4;0
1;56;34;1,4;30;14;4;0
1;37;35;1,2;9;6;4;0
1;44;36;4,2;18;9;4;0
1;34;37;11,4;14;9;4;0
1;38;38;16,5;14;4;4;0
1;43;39;10,8;14;8;4;0
1;26;40;13,6;6;3;4;0
1;49;41;11,2;1;8;4;0
1;28;42;5,2;1;3;4;0
1;24;43;6,6;8;2;4;0
1;49;44;6,1;9;16;4;0
1;73;45;4,1;53;25;4;0
1;57;46;4,3;4;9;4;0
1;18;47;1,5;0;0;4;0
1;33;48;9,5;4;4;3;0
1;32;49;11,5;10;5;3;0
1;61;50;8,9;23;20;3;0
1;53;51;8,8;1;12;3;0
1;43;52;3,7;7;11;3;0
1;54;53;20;20;15;3;0
1;26;54;8,8;10;3;3;0
1;35;55;6;4;2;3;0
1;47;56;4,4;6;12;3;0
1;31;57;15,9;2;5;3;0
1;25;58;2,1;1;1;3;0
1;43;59;11,5;21;14;3;0
1;30;60;7,4;0;4;3;0
1;30;61;4,6;13;3;3;0
1;36;62;4,9;3;6;3;0
1;56;63;1,2;19;8;3;0
1;23;64;8,9;0;3;3;0
1;32;65;7,9;3;8;3;0
1;19;66;12;0;0;3;0
1;59;67;0,3;31;21;3;0
1;20;68;7,5;0;0;3;0
1;70;69;14,8;48;25;3;0
1;44;70;9;22;8;3;0
1;40;71;12,4;7;11;3;0
1;20;72;4,5;0;1;3;0
1;39;73;9,5;12;11;3;0
1;31;74;6,9;4;6;3;0
1;25;75;14,2;1;1;3;0
1;40;76;15,5;15;4;3;0
1;66;77;6,7;30;22;3;0
1;47;78;7;10;10;3;0
1;51;79;4,1;28;20;3;0
1;20;80;5,8;0;0;3;0
1;22;81;9,8;1;2;3;0
1;31;82;3,8;0;7;3;0
1;45;83;5,4;7;8;3;0
1;42;84;10,3;17;8;3;0
1;30;85;2,6;5;3;3;0
1;22;86;3,3;0;0;3;0
1;22;87;7,6;0;2;3;0
1;26;88;2;1;3;3;0
1;31;89;7,9;1;4;3;0
1;25;90;5;3;2;3;0
1;35;91;7;7;6;3;0
1;30;92;5,7;12;5;3;0
1;36;93;6,9;14;3;3;0
1;31;94;0,4;1;7;3;0
1;57;95;10;10;10;3;0
1;38;96;18,5;11;8;3;0
1;30;97;3,9;4;6;3;0
1;41;98;9,2;15;13;3;0
1;69;99;20,2;24;22;3;0
1;29;100;7,8;3;2;3;0
1;48;101;12,1;4;12;3;0
1;26;102;5,5;4;4;3;0
1;34;103;8;9;3;3;0
1;33;104;10,6;0;7;3;0
1;22;105;2,5;0;1;3;0
1;66;106;9;43;22;3;0
1;45;107;10,6;6;10;3;0
1;32;108;5,2;6;7;3;0
1;51;109;6,5;20;18;3;0
1;23;110;3,8;4;1;3;0
1;57;111;2,3;4;12;3;0
1;39;112;11,3;16;10;3;0
1;47;113;7,5;17;17;3;0
1;35;114;13,3;0;9;3;0
1;54;115;6,4;2;19;3;0
1;71;116;10,1;2;13;3;0
1;19;117;4;0;0;3;0
1;32;118;12,4;3;5;3;0
1;46;119;4,7;14;10;3;0
1;30;120;10;4;4;3;0
1;23;121;3,1;0;1;3;0
1;24;122;5,7;5;2;3;0
1;24;123;9,2;0;2;3;0
1;39;124;5,6;4;6;3;0
1;31;125;3,2;0;6;3;0
1;40;126;7,3;17;5;3;0
1;41;127;4,8;21;9;3;0
1;20;128;8,6;0;1;3;0
1;44;129;16,6;4;5;3;0
1;21;130;9,5;1;1;3;0
1;50;131;1,4;21;10;3;0
1;28;132;6;8;4;3;0
1;67;133;6,3;40;24;3;0
1;36;134;8,1;12;9;3;0
1;23;135;7,9;0;2;3;0
1;41;136;1,9;6;5;3;0
1;64;137;13,2;42;22;3;0
1;40;138;1,2;16;11;3;0
1;21;139;2,3;0;0;3;0
1;43;140;6;3;12;3;0
1;42;141;14,7;6;14;3;0
1;35;142;6,8;6;9;3;0
1;68;143;6,2;38;25;3;0
1;46;144;7,6;1;10;3;0
1;45;145;14,8;8;12;3;0
1;37;146;4,3;7;2;3;0
1;19;147;4,4;0;0;3;0
1;46;148;15,4;15;13;3;0
1;30;149;1,5;6;5;3;0
1;36;51;13,2;10;7;3;0
1;40;87;5,8;12;10;3;0
1;25;16;4,5;1;3;3;0
1;22;18;3,5;0;1;3;0
1;35;43;14,9;9;9;3;0
1;43;49;6;8;9;3;0
1;33;46;15,7;0;5;3;0
1;36;58;17,2;8;8;3;0
1;33;35;5,2;5;7;3;0
1;40;34;23,3;5;9;3;0
1;28;20;13,6;4;4;3;0
1;25;27;7,6;7;3;3;0
1;70;22;19,9;6;22;3;0
1;40;21;5,3;3;11;3;0
1;42;24;15,1;19;2;3;0
1;51;82;14,6;9;19;3;0
1;57;1079;1,4;31;23;3;0
1;33;26;12,8;3;9;3;0
1;48;52;13,1;2;6;3;0
1;26;23;2,5;2;2;3;0
1;30;25;5,7;0;6;3;0
1;40;129;11,9;15;12;3;0
1;60;29;3,3;2;18;3;0
1;22;27;4,1;4;0;3;0
1;64;83;8,4;24;18;3;0
1;28;83;9,2;7;5;3;0
1;25;83;8;0;1;3;0
1;50;83;11,8;27;12;3;0
1;50;83;4,9;22;13;3;0
1;39;83;12,2;7;5;3;0
1;32;83;14,8;0;5;3;0
1;26;83;13,4;1;3;3;0
1;33;83;5,4;3;7;3;0
1;24;23;7,4;0;1;3;0
1;42;71;3,3;16;8;3;0
1;20;37;7,1;1;0;3;0
1;18;18;2,3;0;0;3;0
1;69;25;7,1;4;32;3;0
1;27;31;3,9;2;1;3;0
1;53;120;9;31;18;3;0
1;23;19;1,4;0;2;3;0
1;26;38;13,3;1;4;3;0
1;61;142;7,7;29;24;3;0
1;68;84;6,1;11;15;3;0
1;35;63;1,6;18;4;3;0
1;23;29;12,9;6;3;3;0
1;25;29;2,7;5;3;3;0
1;42;55;9,1;14;6;3;0
1;43;54;2,3;6;10;3;0
1;20;22;10;0;1;3;0
1;27;47;4,3;1;3;3;0
1;28;33;7,8;0;3;3;0
1;36;42;2,8;11;3;3;0
1;33;185;8,5;7;7;3;0
1;25;24;6,8;2;3;3;0
1;25;29;11,4;9;4;3;0
1;27;28;4,7;0;4;3;0
1;18;15;1,1;0;0;2;0
1;36;50;3,5;16;8;2;0
1;32;50;14,2;6;2;2;0
1;22;50;1,2;0;2;2;0
1;38;61;2,7;4;8;2;0
1;33;25;13,7;6;3;2;0
1;37;28;18,1;3;4;2;0
1;42;76;6,1;10;10;2;0
1;62;87;16,2;26;12;2;0
1;45;219;1;16;5;2;0
1;63;129;4,9;22;27;2;0
1;30;51;6,2;6;5;2;0
1;25;30;4,9;0;3;2;0
1;34;49;7,5;8;4;2;0
1;30;50;9,2;4;7;3;0
1;34;51;11,9;11;5;3;0
1;39;52;3,3;17;9;3;0
1;61;53;22,2;22;6;3;0
1;56;54;3,9;35;14;3;0
1;51;55;4,9;3;14;3;0
1;27;56;11,4;2;3;3;0
1;43;57;7,3;20;8;3;0
1;53;58;15,9;34;18;3;0
1;60;59;22,3;22;10;3;0
1;26;60;15;4;4;3;0
1;47;61;0,9;14;16;3;0
1;20;62;8,5;0;0;3;0
1;33;63;3,8;3;2;3;0
1;38;64;3,9;3;3;3;0
1;23;65;15,8;0;1;3;0
1;26;66;3,8;2;4;3;0
1;25;67;0,6;0;2;3;0
1;39;68;6;9;8;3;0
1;20;69;17,4;0;0;3;0
1;37;70;13,6;12;11;3;0
1;27;71;13,2;4;5;3;0
1;28;72;21,1;4;4;3;0
1;37;73;13,4;14;4;3;0
1;24;74;10,7;3;2;3;0
1;47;75;3,2;28;11;3;0
1;34;76;3,1;4;8;3;0
1;46;77;3,4;4;7;3;0
1;51;78;7,2;2;15;3;0
1;55;79;19,1;25;12;3;0
1;48;80;4,3;12;12;3;0
1;40;81;1,2;4;6;3;0
1;40;82;6,2;18;13;3;0
1;34;83;12,9;11;6;3;0
1;45;84;13,3;23;10;3;0
1;27;85;3,7;0;4;3;0
1;35;86;3,3;15;8;3;0
1;22;87;3,4;0;1;3;0
1;37;88;16,2;0;9;3;0
1;24;89;3,8;4;2;3;0
1;45;90;8,9;18;11;3;0
1;32;91;8,4;5;6;3;0
1;52;92;11,3;22;17;3;0
1;23;93;4,2;0;2;3;0
1;19;94;8,2;0;0;3;0
1;31;95;1,9;7;4;3;0
1;40;96;10,2;17;6;3;0
1;25;97;2,5;1;3;3;0
1;29;98;6,7;0;5;3;0
1;21;99;4,1;0;1;3;0
1;26;100;4;3;3;3;0
1;33;101;14,6;9;4;3;0
1;25;102;2,7;5;2;3;0
1;67;103;11,4;7;25;3;0
1;53;104;15,7;3;15;3;0
1;21;105;4;0;0;3;0
1;27;106;8,2;1;4;3;0
1;76;107;6,2;12;27;3;0
1;26;108;5,2;10;4;3;0
1;42;109;8,7;17;7;3;0
1;23;110;16,6;2;2;3;0
1;23;111;0,6;1;2;3;0
1;44;112;5,8;4;14;3;0
1;20;39;15;0;0;3;0
1;34;49;5;0;7;3;0
1;35;59;1,4;11;8;3;0
1;40;54;4,6;4;14;3;0
1;20;24;9,4;0;0;3;0
1;20;18;5,3;0;0;3;0
1;46;32;11;13;10;3;0
1;54;70;9,5;6;9;3;0
1;37;35;10,8;0;9;3;0
1;20;87;17,8;0;0;3;0
1;30;28;15,8;8;2;3;0
1;41;29;3,4;16;11;2;0
1;47;30;11,7;23;14;2;0
1;43;31;9,7;8;11;2;0
1;22;32;16,1;1;2;2;0
1;39;33;4,2;5;5;2;0
1;37;34;10,6;17;6;2;0
1;39;35;7,5;0;10;2;0
1;21;36;20,3;1;0;2;0
1;23;37;2,5;3;2;2;0
1;19;38;3;0;0;2;0
1;19;39;1,8;0;0;2;0
1;62;40;11,3;4;5;2;0
1;29;41;6,7;9;3;2;0
1;31;42;26,9;11;8;2;0
1;53;43;2,7;24;8;2;0
1;34;44;5,5;4;8;2;0
1;21;45;8,5;1;1;2;0
1;18;46;3,6;0;0;2;0
1;49;47;3;15;11;2;0
1;26;48;14,5;2;4;2;0
1;37;49;9,3;12;8;2;0
1;36;50;0,8;9;10;2;0
1;38;51;6,6;16;6;2;0
1;48;52;3,7;7;11;2;0
1;24;53;2,4;2;3;2;0
1;45;54;2,9;10;13;2;0
1;53;55;12,9;30;12;2;0
1;18;56;8;0;0;2;0
1;58;51;4,4;9;13;2;0
1;34;59;6,5;14;4;2;0
1;29;48;10,8;4;3;2;0
1;19;22;1,8;0;0;2;0
1;18;14;5,5;0;0;2;0
1;25;21;10;4;3;2;0
1;49;94;6,9;14;11;2;0
1;41;68;9,6;17;9;2;0
1;61;126;12,4;33;26;2;0
1;23;35;5,8;2;2;2;0
1;30;26;9,3;4;2;2;0
1;62;199;4,7;24;17;2;0
1;26;22;3,3;5;2;2;0
1;19;20;8,1;0;0;2;0
1;37;38;2,1;2;7;2;0
1;23;24;1,6;2;1;2;0
1;27;25;0,6;1;4;2;0
1;59;533;0,8;32;19;2;0
1;41;77;7,5;9;8;2;0
1;62;322;2,8;33;6;2;0
1;52;55;2,9;6;9;2;0
1;18;26;7,3;0;0;2;0
1;18;23;10;0;0;2;0
1;51;24;9,6;33;13;1;0
1;64;25;20,3;26;26;1;0
1;24;26;23,6;2;2;1;0
1;30;27;1,5;2;8;1;0
1;29;28;7,9;4;5;1;0
1;27;29;5,1;5;2;1;0
1;44;30;18,4;9;3;1;0
1;34;31;6,4;6;6;1;0
1;34;32;5,4;10;7;1;0
1;19;33;7,1;3;0;1;0
1;21;34;24;1;1;1;0
1;31;35;4,2;5;7;1;0
1;34;36;6,4;6;7;1;0
1;33;37;10,8;11;8;1;0
1;75;38;7,8;22;23;1;0
1;33;39;1,6;2;7;1;0
1;36;40;7,4;16;10;1;0
1;62;41;13,2;4;13;1;0
1;68;42;7;51;26;1;0
1;27;43;1;5;5;1;0
1;24;44;13,6;7;2;1;0
1;19;45;10,9;3;0;1;0
1;37;46;15,5;4;6;1;0
1;49;47;1,7;6;12;1;0
1;37;48;5,6;16;8;1;0
1;34;49;10,6;11;6;1;0
1;19;50;12,8;0;0;1;0
1;37;51;1,1;13;5;1;0
1;25;52;3;2;3;1;0
1;34;53;5,3;10;6;1;0
1;49;54;9,9;4;11;1;0
1;52;55;28,6;26;12;1;0
1;22;56;4,7;2;1;1;0
1;39;57;1,6;12;10;1;0
1;32;50;5,8;5;9;1;0
1;46;25;3;0;9;1;0
1;37;76;12,6;17;8;1;0
1;37;34;13,6;11;5;1;0
1;34;59;9,2;12;6;1;0
1;26;24;11,5;6;2;1;0
1;43;104;14,2;17;10;1;0
1;38;37;4,4;14;8;1;0
1;23;19;7,2;1;2;1;0
1;42;43;1,3;8;12;1;0
1;26;15;6,7;1;3;1;0
1;41;54;6,9;15;9;1;0
1;21;67;6,5;4;1;1;0
1;41;55;12,2;15;12;1;0
1;27;24;5,8;2;2;1;0
1;64;116;14,7;34;17;4;1
1;56;232;2,8;16;19;4;1
1;27;114;4,3;0;4;4;1
1;26;19;7,7;0;4;4;1
1;38;229;6,7;2;8;4;1
1;25;66;2,8;0;3;4;1
1;28;50;8,6;0;4;4;1
1;32;59;9;3;6;4;1
1;36;67;8,2;7;12;4;1
1;26;49;4,4;0;3;4;1
1;30;33;7,4;1;6;4;1
1;38;66;1,2;9;11;4;1
1;77;28;10,6;2;24;4;1
1;53;51;4,1;16;13;4;1
1;42;34;6,1;12;13;4;1
1;38;40;8,8;11;8;4;1
1;45;88;9,6;18;12;4;1
1;43;30;3,1;3;8;4;1
1;29;51;12,5;1;5;4;1
1;28;77;0,2;1;3;4;1
1;27;36;4,1;0;3;4;1
1;46;84;9,9;13;14;4;1
1;41;87;4,4;9;14;4;1
1;36;108;6,5;9;6;4;1
1;48;162;6,2;20;15;4;1
1;36;69;8,3;3;9;4;1
1;34;526;2,6;8;7;4;1
1;65;189;5;29;14;4;1
1;29;45;3;2;3;4;1
1;58;70;6,8;24;18;4;1
1;59;144;3,4;20;16;4;1
1;33;34;1,2;3;4;4;1
1;38;37;2;0;12;4;1
1;39;46;6,5;14;8;4;1
1;24;76;4,2;0;1;4;1
1;30;222;2,9;5;5;4;1
1;34;132;4,7;11;4;4;1
1;46;41;2,5;7;16;4;1
1;62;387;15;31;22;4;1
1;30;64;14,1;4;5;4;1
1;31;28;4,5;0;6;4;1
1;40;238;7,9;11;8;4;1
1;24;18;2,9;0;4;4;1
1;30;95;7;5;6;4;1
1;29;46;8,1;3;3;4;1
1;31;22;4,6;3;5;4;1
1;34;72;7,6;3;8;4;1
1;28;30;7;5;3;4;1
1;31;29;6,8;8;4;4;1
1;29;47;2,9;3;1;4;1
1;49;182;4,8;18;13;4;1
1;72;146;12,6;26;24;4;1
1;33;40;13,3;1;3;4;1
1;39;82;6,2;12;9;4;1
1;23;36;1,1;0;2;4;1
1;44;314;4,7;21;14;4;1
1;33;40;1,2;3;2;4;1
1;54;66;9,6;0;14;4;1
1;35;44;0,5;10;7;4;1
1;24;28;4;0;2;4;1
1;45;81;4,1;0;14;4;1
1;37;97;8,3;10;6;4;1
1;35;123;6,1;9;6;4;1
1;27;43;4,5;3;3;4;1
1;22;76;7,7;0;1;4;1
1;34;30;5,7;8;7;4;1
1;23;42;12,2;0;1;4;1
1;54;69;12;4;9;4;1
1;28;112;9,9;5;5;4;1
1;39;47;16,5;16;4;4;1
1;24;38;1,6;0;2;4;1
1;49;77;2;0;11;4;1
1;24;40;8,6;0;2;4;1
1;22;29;3,7;0;1;4;1
1;34;46;22,5;2;4;4;1
1;51;43;3,3;4;6;4;1
1;45;53;5,7;16;13;4;1
1;50;24;15,7;9;11;4;1
1;50;104;4,8;23;11;4;1
1;41;94;7;2;7;4;1
1;22;26;6;0;2;4;1
1;35;84;3,4;0;11;4;1
1;28;60;0,5;0;4;4;1
1;30;38;11,9;3;4;4;1
1;26;26;3,3;0;3;4;1
1;24;45;6,7;0;2;4;1
1;33;66;3,1;2;6;4;1
1;32;87;10,4;5;5;4;1
1;41;87;3,7;6;7;4;1
1;41;127;18,2;15;12;4;1
1;42;15;14,4;12;5;4;1
1;22;56;2,8;0;1;4;1
1;56;57;2;22;9;4;1
1;30;28;6,8;4;6;4;1
1;43;89;3,6;18;14;4;1
1;35;18;4,8;4;6;4;1
1;37;50;1,3;0;9;4;1
1;22;59;3,1;0;1;4;1
1;22;32;3,8;0;1;4;1
1;28;30;13,8;4;3;4;1
1;30;58;8,6;6;5;4;1
1;24;64;4,4;0;2;4;1
1;28;35;5,2;3;5;4;1
1;29;50;12,1;1;4;4;1
1;21;23;3,9;0;0;3;1
1;47;43;6,1;8;10;3;1
1;37;65;5;15;10;3;1
1;52;153;4,5;23;10;3;1
1;38;56;26,4;8;8;3;1
1;34;44;5,6;5;5;3;1
1;27;27;10,5;5;4;3;1
1;47;111;8,8;17;13;3;1
1;46;122;6,7;20;16;3;1
1;28;30;8,5;7;5;3;1
1;27;28;23,5;1;2;3;1
1;65;186;4,2;26;16;3;1
1;24;33;14;1;1;3;1
1;26;37;3,1;2;3;3;1
1;21;27;16,5;0;1;3;1
1;63;92;5,6;8;25;3;1
1;31;114;2,7;7;5;3;1
1;37;114;6,7;3;4;3;1
1;25;19;3,4;2;2;3;1
1;42;63;11,3;18;15;3;1
1;43;31;2,4;0;4;3;1
1;40;53;12,4;7;11;3;1
1;26;36;12,5;1;4;3;1
1;47;69;5,2;3;8;3;1
1;29;52;16,8;5;5;3;1
1;21;21;10,4;0;1;3;1
1;47;43;11,8;8;11;3;1
1;31;28;2;1;7;3;1
1;25;58;20,6;3;3;3;1
1;40;38;6,1;10;12;3;1
1;46;56;2,3;2;13;3;1
1;43;57;4,5;9;9;3;1
1;49;90;13,9;24;11;3;1
1;43;82;9,9;13;9;3;1
1;26;25;10,8;5;2;3;1
1;62;108;7,3;12;10;3;1
1;52;108;3,9;28;23;3;1
1;29;31;6,8;2;5;3;1
1;30;27;6,2;5;3;3;1
1;52;403;5,1;24;10;3;1
1;28;20;6,2;4;5;3;1
1;32;26;3,3;1;4;3;1
1;21;22;1,5;0;1;3;1
1;54;67;10,5;8;10;3;1
1;37;55;8;2;8;3;1
1;20;41;4,3;0;0;3;1
1;52;121;2,4;21;14;3;1
1;20;23;1;0;1;3;1
1;61;327;4,6;35;9;3;1
1;30;65;8,8;8;3;3;1
1;24;43;7,3;2;0;3;1
1;23;33;1,7;0;1;3;1
1;37;30;4,6;4;6;3;1
1;32;34;10,7;7;5;3;1
1;23;16;7,8;0;1;3;1
1;58;54;4,2;18;13;3;1
1;25;52;7,7;2;3;3;1
1;25;41;18,4;4;3;3;1
1;49;85;4,5;12;11;3;1
1;44;131;7;22;9;3;1
1;49;140;9,9;20;9;3;1
1;23;30;6,9;0;1;3;1
1;58;132;2,4;26;21;3;1
1;58;138;3,9;24;24;3;1
1;18;18;8;0;0;3;1
1;31;36;22,4;4;5;3;1
1;23;18;4;0;1;3;1
1;31;36;4,7;11;8;3;1
1;52;84;3,1;2;12;3;1
1;45;69;3,2;24;14;3;1
1;25;27;16,9;3;1;3;1
1;30;39;11,6;4;4;3;1
1;49;178;19,4;23;11;3;1
1;21;23;3,5;2;1;3;1
1;33;27;20,6;5;8;3;1
1;40;111;9,6;15;13;3;1
1;39;27;1,4;1;9;3;1
1;29;33;5,8;0;5;3;1
1;39;90;6,8;17;9;3;1
1;30;34;11,6;2;4;3;1
1;65;57;6,2;0;25;3;1
1;30;27;10,6;2;5;3;1
1;48;66;4,4;24;18;3;1
1;38;63;12,2;10;11;3;1
1;39;45;25;10;7;3;1
1;28;20;9;3;4;3;1
1;21;15;7,3;4;1;3;1
1;36;42;3,1;8;2;3;1
1;36;45;3,3;3;7;3;1
1;19;55;7,9;0;0;3;1
1;44;107;13;17;14;3;1
1;65;32;9,9;10;18;3;1
1;25;60;8,4;0;2;3;1
1;27;20;14,3;6;2;3;1
1;53;249;5,8;26;20;3;1
1;35;54;11;3;7;3;1
1;31;37;5,7;11;8;3;1
1;42;50;9,6;1;5;3;1
1;35;55;10,2;15;8;3;1
1;26;47;6,2;5;1;3;1
1;19;21;5,6;0;0;3;1
1;28;22;11,5;3;2;3;1
1;22;45;13,6;0;1;3;1
1;38;53;5,2;18;7;3;1
1;19;33;7,5;0;0;3;1
1;63;103;12,3;17;26;3;1
1;45;86;9,7;24;10;3;1
1;65;42;1,6;21;23;3;1
1;28;112;3,4;6;2;3;1
1;55;91;6,6;21;14;3;1
1;49;28;6,9;3;7;3;1
1;50;181;2,3;27;12;3;1
1;33;33;5,1;3;6;3;1
1;39;78;4,1;9;12;3;1
1;55;88;12,9;11;16;3;1
1;21;30;3,1;1;1;3;1
1;47;39;6,7;10;10;3;1
1;24;32;11;2;0;3;1
1;51;65;18,1;22;11;3;1
1;45;100;7,5;26;12;3;1
1;46;99;3,2;23;14;3;1
1;51;144;4,9;10;17;3;1
1;62;86;6,3;32;19;3;1
1;19;21;8,1;0;0;3;1
1;36;50;0,8;5;9;3;1
1;30;36;4,7;5;6;3;1
1;18;30;3,8;0;0;3;1
1;33;63;16,7;7;6;3;1
1;26;35;7;1;3;3;1
1;39;84;3,4;4;6;3;1
1;18;27;6,1;0;0;3;1
1;30;26;8;1;4;3;1
1;35;93;4,7;16;6;3;1
1;52;48;5,4;2;18;3;1
1;30;109;7,8;5;6;3;1
1;26;24;7,9;5;3;3;1
1;33;48;3,7;12;9;3;1
1;18;35;12,3;0;0;3;1
1;23;33;2,9;0;2;3;1
1;22;21;11,8;0;1;3;1
1;33;71;14,6;15;6;3;1
1;29;57;4,3;7;6;3;1
1;59;92;7,5;7;20;3;1
1;32;37;3,1;4;4;3;1
1;35;27;0,8;2;7;3;1
1;46;34;3,9;0;7;3;1
1;38;86;2,4;12;9;3;1
1;51;285;16,6;29;14;3;1
1;59;84;16;22;22;3;1
1;26;23;8,2;4;1;3;1
1;43;71;4,2;13;7;3;1
1;23;42;1,3;1;1;3;1
1;20;27;5,1;0;0;3;1
1;46;111;5,8;12;12;3;1
1;20;13;1,1;0;0;3;1
1;59;55;10;11;21;3;1
1;51;57;19,5;10;18;3;1
1;29;74;3,6;3;4;3;1
1;29;21;5,9;7;3;3;1
1;48;133;4,1;15;11;3;1
1;21;17;7,8;0;1;3;1
1;48;153;2,3;13;10;3;1
1;28;30;20,5;6;5;3;1
1;20;17;10,5;0;1;3;1
1;34;47;7;3;4;3;1
1;28;75;4,3;3;4;3;1
1;52;125;0,5;17;12;3;1
1;35;29;7,1;7;10;3;1
1;34;46;5,7;12;6;3;1
1;33;37;3,9;8;7;3;1
1;61;38;3,2;20;17;3;1
1;43;102;2,5;16;6;3;1
1;34;30;14,2;7;8;3;1
1;30;28;8,2;4;5;3;1
1;32;50;9,8;6;7;3;1
1;32;52;5,9;5;8;3;1
1;20;13;0;0;0;3;1
1;33;38;18,3;5;6;3;1
1;29;37;4,3;5;6;3;1
1;20;58;2,8;0;0;3;1
1;23;27;14,6;0;1;3;1
1;27;63;1;0;3;3;1
1;34;83;11;8;4;3;1
1;28;44;17,7;7;2;2;1
1;18;35;3,9;0;0;2;1
1;56;125;8,5;27;21;2;1
1;53;67;6,1;14;19;2;1
1;20;21;10,2;0;0;2;1
1;35;26;2,5;6;5;2;1
1;39;82;17,4;7;6;2;1
1;43;40;6,6;6;6;2;1
1;33;70;5,7;12;5;2;1
1;41;29;4,2;10;7;2;1
1;36;41;18,9;7;4;2;1
1;44;59;8,4;7;9;2;1
1;19;68;11,7;0;0;2;1
1;72;187;9,2;44;13;2;1
1;25;29;5,9;6;2;2;1
1;56;160;11,4;37;10;2;1
1;18;16;6;0;0;2;1
1;41;54;4,1;22;13;2;1
1;18;25;2,9;0;0;2;1
1;58;114;6,4;19;9;2;1
1;55;114;17,5;13;11;2;1
1;35;114;7,6;6;5;2;1
1;19;114;8,8;0;0;2;1
1;20;114;8;1;0;2;1
1;25;114;9,9;2;3;2;1
1;30;68;2,4;8;4;2;1
1;26;38;10,6;6;2;2;1
1;18;44;9,2;0;0;2;1
1;41;189;6,3;21;8;2;1
1;18;24;6,5;0;0;2;1
1;32;30;9,4;2;6;2;1
1;21;30;4,3;0;1;2;1
1;35;62;8,2;14;7;2;1
1;18;22;1,5;0;0;2;1
1;50;65;12,6;15;14;2;1
1;46;78;6,9;24;10;2;1
1;31;45;3,1;2;6;2;1
1;18;35;12,4;0;0;2;1
1;40;117;11,9;20;10;2;1
1;27;28;4,2;3;4;2;1
1;41;40;7,9;2;10;2;1
1;18;24;5,3;0;0;2;1
1;41;37;5,8;5;8;2;1
1;19;21;14,3;0;0;2;1
1;71;131;11,6;35;19;2;1
1;18;29;5,6;0;0;2;1
1;23;66;2,7;3;2;2;1
1;49;93;12,8;28;11;2;1
1;28;22;5,4;8;3;2;1
1;45;43;2,8;1;10;2;1
1;42;47;7,8;7;8;2;1
1;42;63;20,4;19;8;2;1
1;28;36;3,2;9;3;2;1
1;24;31;10,4;5;3;2;1
1;34;45;9,1;6;4;2;1
1;19;18;6,3;0;0;2;1
1;27;28;5,2;5;3;2;1
1;68;22;12,5;0;17;2;1
1;54;32;6,7;2;21;2;1
1;32;61;8,2;12;6;2;1
1;47;58;3,5;13;19;2;1
1;52;72;15,4;9;12;2;1
1;40;32;3,4;2;7;2;1
1;22;45;11,1;3;1;2;1
1;18;20;14,5;0;0;2;1
1;70;92;9,3;27;21;2;1
1;31;45;0,7;3;6;2;1
1;20;26;8,9;0;0;2;1
1;56;475;2,3;34;21;2;1
1;37;41;2,9;9;11;2;1
1;29;42;9,3;3;2;2;1
1;51;96;21,5;25;16;2;1
1;42;46;13,1;15;9;2;1
1;44;50;22;11;12;2;1
1;31;26;6,5;6;5;2;1
1;23;22;9;0;1;2;1
1;47;66;1,7;16;8;2;1
1;18;34;2,8;0;0;2;1
1;19;21;2,5;0;0;2;1
1;19;17;5,5;0;0;2;1
1;65;48;7,7;25;20;2;1
1;41;58;13,1;12;9;2;1
1;23;34;3,3;2;2;2;1
1;55;229;4,9;32;8;2;1
1;21;29;5,7;1;0;2;1
1;20;44;3,9;0;0;2;1
1;65;352;2,5;38;11;2;1
1;56;215;13,9;34;19;2;1
1;24;21;13,7;0;2;2;1
1;30;65;9,2;8;5;2;1
1;42;72;19,3;5;12;2;1
1;64;27;2,4;11;28;2;1
1;31;41;2;11;4;2;1
1;65;231;9,3;38;25;2;1
1;34;58;19,9;12;7;2;1
1;37;31;9,6;2;9;2;1
1;21;29;0,9;1;1;2;1
1;30;55;5,5;4;2;2;1
1;61;91;4,3;20;17;2;1
1;18;14;4,3;0;0;2;1
1;34;30;24,3;8;7;2;1
1;21;20;2,2;0;1;2;1
1;35;30;21,3;15;3;2;1
1;42;176;5,6;18;5;2;1
1;66;54;15,8;9;23;2;1
1;19;20;12,7;0;0;2;1
1;24;26;13,1;5;1;2;1
1;21;24;4,2;1;1;2;1
1;41;56;7,3;4;11;2;1
1;27;29;6,5;8;4;2;1
1;27;31;6,3;9;3;2;1
1;66;70;2,8;18;24;2;1
1;58;31;3,3;2;20;2;1
1;57;172;9,2;36;18;2;1
1;33;36;18;3;3;2;1
1;71;59;24,4;13;10;2;1
1;32;75;7,1;12;7;2;1
1;33;41;2,1;6;8;2;1
1;19;20;1,2;0;0;2;1
1;32;40;6,2;7;2;2;1
1;26;22;6,7;4;3;2;1
1;72;233;28,8;48;30;2;1
1;47;49;18,4;8;13;2;1
1;31;41;17,9;10;5;2;1
1;19;35;9,3;0;0;2;1
1;38;55;16,1;18;5;2;1
1;26;36;9,4;2;2;2;1
1;29;50;9,8;10;6;2;1
1;53;35;1,5;4;20;2;1
1;77;80;3,9;30;33;2;1
1;34;50;16,6;13;6;2;1
1;25;26;10,3;2;3;2;1
1;33;35;7,3;8;7;2;1
1;30;39;13,8;5;5;2;1
1;19;20;7;0;0;2;1
1;23;26;12,8;1;2;2;1
1;19;16;6,6;0;0;2;1
1;28;88;10,6;7;3;2;1
1;56;41;12,5;9;7;2;1
1;24;60;11,2;5;1;2;1
1;18;22;38,8;0;0;2;1
1;37;32;3,2;4;2;2;1
1;37;38;12,3;3;8;2;1
1;30;39;1;1;3;2;1
1;37;43;3,6;10;8;2;1
1;40;61;4,8;20;12;1;1
1;30;27;34,5;11;3;1;1
1;25;30;14,4;4;2;1;1
1;62;96;17,5;33;13;1;1
1;53;41;13,3;9;13;1;1
1;25;37;8,3;8;3;1;1
1;52;56;9,8;5;18;1;1
1;66;149;13,1;40;17;1;1
1;69;60;18,6;6;24;1;1
1;24;27;10;5;2;1;1
1;59;154;8,5;34;26;1;1
1;59;86;6,8;31;15;1;1
1;43;96;1,2;22;13;1;1
1;25;31;3,1;4;3;1;1
1;37;21;14,5;5;10;1;1
1;24;36;13,2;6;3;1;1
1;36;45;13,2;4;8;1;1
1;22;22;3,2;1;1;1;1
1;19;114;8,8;1;0;1;1
1;76;114;5,6;15;20;1;1
1;37;114;4,8;18;8;1;1
1;41;114;5,6;9;8;1;1
1;61;42;18,4;0;10;1;1
1;18;20;3,9;0;0;1;1
1;22;19;8,9;1;1;1;1
1;73;289;8,4;50;34;1;1
1;32;33;8,1;9;6;1;1
1;27;28;5,7;9;1;1;1
1;79;497;8,2;63;18;1;1
1;26;41;22,1;9;3;1;1
1;23;41;5,5;3;1;1;1
1;39;41;0,1;8;9;1;1
1;61;209;10,9;45;22;1;1
1;27;43;10;7;5;1;1
1;47;108;8,9;22;17;1;1
1;71;57;11,5;18;27;1;1
1;45;44;9,8;12;10;1;1
1;52;80;9;33;12;1;1
1;22;24;4,4;4;1;1;1
1;30;42;15,3;13;2;1;1
1;40;141;11;22;8;1;1
1;63;61;13,5;22;21;1;1
1;46;61;10,4;11;8;1;1
1;19;21;12;2;0;1;1
1;50;117;7,6;20;15;1;1
1;20;18;9,5;0;1;1;1
1;47;51;14,2;16;15;1;1
1;44;68;14,9;14;12;1;1
1;39;52;19,7;20;10;1;1
1;36;55;5,8;12;5;1;1
1;60;170;8;31;22;1;1
1;26;46;9,8;6;2;1;1
1;34;26;1,9;0;7;1;1
1;64;24;6,5;7;26;1;1
1;57;78;5,8;26;22;1;1
1;20;16;4,7;2;0;1;1
1;65;143;11,1;38;13;1;1
1;43;26;12,9;4;9;1;1
1;64;145;6,6;36;15;1;1
1;46;48;2,7;20;14;1;1
1;48;28;2,6;0;12;1;1
1;52;125;15,7;30;13;1;1
1;51;47;2,2;23;10;1;1
1;57;61;1,6;25;22;1;1
1;40;30;3;2;6;1;1
1;42;65;14,6;8;10;1;1
1;54;49;5,2;22;16;1;1
1;28;25;6,5;4;4;1;1
1;38;41;16,9;17;7;1;1
1;29;39;3,2;11;2;1;1
1;38;33;10,5;11;10;1;1
1;56;144;8,1;30;10;1;1
1;24;28;1,5;0;1;1;1
1;56;81;12,1;20;20;1;1
1;37;63;21,6;11;11;1;1
1;75;78;4,4;32;23;1;1
1;61;78;5;26;13;1;1
1;71;26;7,6;7;19;1;1
1;28;24;1;2;3;1;1
1;39;48;6,8;22;13;1;1
1;47;47;18,9;17;11;1;1
1;24;21;4,5;6;1;1;1
1;25;19;2,6;1;4;1;1
1;45;57;1;12;9;1;1
1;64;198;6,9;40;18;1;1
1;34;41;14,5;10;8;1;1
0;45;58;15,4;1;4;4;0
0;25;32;14,6;0;3;4;0
0;38;66;10,7;4;5;4;0
0;44;91;4,8;2;13;4;0
0;33;79;23,7;2;7;4;0
0;42;20;15,3;6;8;4;0
0;46;136;4,9;11;9;4;0
0;40;32;18,6;1;11;4;0
0;33;121;15,1;6;4;4;0
0;29;40;12,5;0;4;4;0
0;30;21;10,4;2;6;4;0
0;34;186;11,3;5;10;4;0
0;25;130;5,8;0;1;4;0
0;30;40;16,9;3;2;4;0
0;39;185;7;1;10;4;0
0;29;55;27,1;3;3;4;0
0;27;24;6,1;0;4;4;0
0;48;326;10,6;19;11;4;0
0;34;120;6,4;0;5;4;0
0;53;97;22,3;9;11;4;0
0;27;25;22,9;0;3;4;0
0;28;18;11,9;2;5;4;0
0;24;48;1,2;0;2;2;0
0;52;96;7,1;2;12;2;0
0;26;36;14,4;2;3;2;0
0;44;167;10,6;0;9;2;0
0;35;47;16,1;5;4;2;0
0;29;50;15,1;1;4;2;0
0;30;16;8,5;1;6;2;0
0;69;75;13,5;7;20;2;0
0;38;91;3,9;4;8;2;0
0;40;62;8;5;9;2;0
0;45;42;36,8;7;13;2;0
0;37;83;14,9;0;9;2;0
0;24;64;13;0;0;2;0
0;38;25;31,3;6;7;2;0
0;27;36;16,2;3;5;2;0
0;32;37;3,1;0;6;2;0
0;22;24;8;0;2;2;0
0;24;35;12,1;0;2;2;0
0;29;102;9,8;3;2;2;0
0;34;33;7,5;7;3;2;0
0;30;107;8,9;1;6;4;0
0;22;20;6,5;0;1;4;0
0;36;101;6,7;4;8;4;0
0;38;204;19,5;13;12;4;0
0;29;34;19;2;5;4;0
0;25;29;15,7;0;2;4;0
0;24;32;5,6;0;2;4;0
0;32;38;3,7;0;5;4;0
0;23;23;18;0;2;4;0
0;33;19;17,2;3;7;4;0
0;29;73;25,1;5;4;4;0
0;38;192;28,9;14;7;4;0
0;22;46;8,6;0;2;4;0
0;28;48;24,3;4;3;4;0
0;28;22;6,2;2;3;4;0
0;43;94;19,9;0;10;4;0
0;24;53;16,1;0;1;4;0
0;34;34;32,1;9;9;4;0
0;26;31;12,3;1;1;4;0
0;23;34;17;0;2;4;0
0;22;55;27,4;0;1;4;0
0;28;47;12,1;2;3;4;0
0;28;47;17,7;3;3;4;0
0;23;47;12,3;0;1;4;0
0;24;128;8,9;0;1;4;0
0;26;63;11,9;1;2;4;0
0;32;71;19,5;7;6;4;0
0;31;47;24,6;8;6;4;0
0;37;62;23,9;8;7;4;0
0;22;51;8,7;0;1;4;0
0;25;68;4,5;0;3;4;0
0;22;27;6;0;0;4;0
0;26;89;2,3;1;4;4;0
0;25;52;4,9;0;1;4;0
0;23;30;12,2;0;1;4;0
0;38;37;13,2;12;9;4;0
0;39;47;9,7;4;13;4;0
0;24;45;5,5;0;2;4;0
0;27;32;15,4;1;3;4;0
0;35;56;11,1;2;6;4;0
0;29;58;18,2;4;6;4;0
0;30;39;10,6;4;3;4;0
0;40;103;13,3;17;11;4;0
0;23;28;19,2;0;0;4;0
0;22;31;22,8;0;1;4;0
0;29;38;4,5;1;4;4;0
0;23;53;3;0;1;4;0
0;45;60;9,9;1;8;4;0
0;25;21;22,3;0;2;4;0
0;33;105;13,4;5;4;4;0
0;28;47;18,6;0;4;4;0
0;24;21;6,6;0;2;4;0
0;56;206;27,9;14;25;4;0
0;33;119;15,3;4;9;4;0
0;42;130;11,6;7;12;4;0
0;39;152;27,4;14;6;4;0
0;33;23;4,2;1;6;4;0
0;28;20;15,5;4;4;4;0
0;24;21;11;0;2;4;0
0;23;30;12,8;0;1;4;0
0;30;61;2,9;2;6;4;0
0;40;35;10;3;10;4;0
0;23;45;10,7;0;2;4;0
0;22;36;10,7;0;1;4;0
0;26;103;14,3;0;2;4;0
0;24;35;1,2;0;1;4;0
0;22;74;7,5;0;1;4;0
0;26;36;17,9;0;3;4;0
0;59;174;27,9;19;21;4;0
0;30;73;29,8;1;4;4;0
0;24;44;13,5;0;3;4;0
0;24;49;5;0;3;4;0
0;23;29;9,4;0;2;4;0
0;27;46;1,9;0;4;4;0
0;29;55;15,6;2;3;4;0
0;38;274;2,3;7;7;4;0
0;28;62;34,8;2;4;4;0
0;24;49;13,6;0;2;4;0
0;29;26;6,6;1;4;4;0
0;33;24;27,7;4;6;4;0
0;34;40;17,6;1;7;4;0
0;27;41;4,8;3;5;4;0
0;25;31;3,9;0;1;4;0
0;34;65;14,4;6;5;4;0
0;25;20;6,9;1;1;4;0
0;23;62;3;0;1;4;0
0;24;63;26,9;0;1;4;0
0;23;35;15;0;1;4;0
0;25;15;8,9;1;1;4;0
0;62;124;23;23;22;4;0
0;24;29;9,6;0;2;4;0
0;25;66;4,2;1;2;4;0
0;32;55;10,6;2;2;4;0
0;24;56;9,3;0;1;4;0
0;22;23;6,2;0;1;4;0
0;30;60;21,6;7;4;3;0
0;46;45;22,2;13;11;3;0
0;20;21;1,3;0;0;3;0
0;21;13;8,3;0;1;3;0
0;20;45;7,7;0;0;3;0
0;26;38;7,6;2;3;3;0
0;56;384;11,2;26;13;3;0
0;43;59;11;13;11;3;0
0;23;47;14,6;2;2;3;0
0;36;118;11,2;7;10;3;0
0;44;49;16,3;8;8;3;0
0;30;70;6,9;0;5;3;0
0;20;23;14,2;0;0;3;0
0;49;36;23,6;2;17;3;0
0;35;263;4,9;10;8;3;0
0;43;27;21,2;5;11;3;0
0;23;40;21,2;2;1;3;0
0;34;24;9,4;0;6;3;0
0;20;16;3,5;0;0;3;0
0;22;17;25,4;1;1;3;0
0;29;70;16,5;0;4;3;0
0;29;39;11,6;8;5;3;0
0;26;23;10,9;0;3;3;0
0;21;33;9,1;0;1;3;0
0;28;61;16,1;3;3;3;0
0;28;25;18,8;3;3;3;0
0;22;32;3,7;0;2;3;0
0;20;33;9,4;0;0;3;0
0;22;31;10,1;0;1;3;0
0;21;36;14,1;0;0;3;0
0;26;18;12,9;3;4;3;0
0;22;29;15,8;1;1;3;0
0;54;93;13,7;15;11;3;0
0;38;37;19,1;6;11;3;0
0;21;35;22,7;0;1;3;0
0;20;31;18,3;0;1;3;0
0;38;66;5,5;9;9;3;0
0;20;29;11,7;0;0;3;0
0;25;43;15,6;3;2;3;0
0;26;43;9,8;0;2;3;0
0;38;94;21,6;9;13;3;0
0;21;39;18,5;0;1;3;0
0;32;79;6,1;3;7;3;0
0;44;115;14,4;7;10;3;0
0;23;22;14,2;1;2;3;0
0;43;101;9,7;21;14;3;0
0;33;77;6,2;6;6;3;0
0;29;28;4,9;6;3;3;0
0;20;21;9,3;0;0;3;0
0;26;38;11,9;2;4;3;0
0;21;17;17,6;0;0;3;0
0;22;24;5,2;0;0;3;0
0;25;35;9,7;0;1;3;0
0;25;26;11,9;2;1;3;0
0;57;43;20,8;7;14;3;0
0;20;22;4,2;0;0;3;0
0;34;43;30,3;7;8;3;0
0;32;45;13,9;1;6;3;0
0;27;68;24,9;3;4;3;0
0;29;34;15,5;1;2;3;0
0;39;78;14;4;9;3;0
0;21;41;23,4;0;1;3;0
0;20;20;7,2;0;0;3;0
0;21;25;6,7;0;1;3;0
0;20;30;10,6;0;0;3;0
0;38;136;20,2;15;4;3;0
0;20;20;11,3;0;0;3;0
0;42;22;13,6;2;13;3;0
0;20;29;17;0;0;3;0
0;20;28;10,4;0;0;3;0
0;36;41;11,1;8;4;3;0
0;66;61;7,7;6;20;3;0
0;33;102;28,8;8;4;3;0
0;23;30;13,6;1;1;3;0
0;21;35;6,8;0;0;3;0
0;21;55;17,1;0;1;3;0
0;64;227;29,9;15;22;3;0
0;32;70;3,2;10;7;3;0
0;40;53;23,5;15;5;3;0
0;30;20;9,7;6;4;3;0
0;27;26;2;3;5;3;0
0;24;23;14,8;1;2;3;0
0;30;34;14,3;3;6;3;0
0;46;119;5,6;8;6;3;0
0;21;15;6,1;0;0;3;0
0;32;37;4,1;4;3;3;0
0;37;57;10,8;3;4;3;0
0;51;96;16,8;9;15;3;0
0;20;77;9,6;0;0;3;0
0;52;368;21,3;28;16;3;0
0;41;39;29,1;0;8;3;0
0;28;58;12,6;4;2;3;0
0;27;41;6,1;4;5;3;0
0;26;31;3,1;0;3;3;0
0;34;23;6,8;0;4;3;0
0;23;34;9,2;0;1;3;0
0;23;57;33;0;2;3;0
0;18;56;15,7;0;0;2;0
0;19;26;5,8;0;0;2;0
0;21;40;7,6;1;1;2;0
0;40;36;6,6;6;6;2;0
0;18;30;7;0;0;2;0
0;35;80;12,9;9;1;2;0
0;41;68;28,3;9;8;2;0
0;47;40;8,7;6;10;2;0
0;27;42;9,1;6;5;2;0
0;19;31;28,7;0;0;2;0
0;18;18;12,7;0;0;2;0
0;26;26;11,1;1;0;2;0
0;18;12;3,3;0;0;2;0
0;29;45;14,1;3;5;2;0
0;48;43;6,9;5;10;2;0
0;20;17;7,3;0;0;2;0
0;28;26;23,6;2;5;2;0
0;19;20;5,6;0;0;2;0
0;23;27;17,8;3;1;2;0
0;41;50;14,2;13;7;2;0
0;20;26;4;0;0;2;0
0;20;28;18;0;0;2;0
0;43;119;18,1;16;7;2;0
0;22;16;9,8;0;2;2;0
0;18;27;4,1;0;0;2;0
0;29;35;21,1;8;5;2;0
0;19;17;14,1;0;0;2;0
0;18;19;6,4;0;0;2;0
0;19;21;7,9;1;0;2;0
0;20;23;23,6;0;0;2;0
0;18;57;3,1;0;0;2;0
0;39;112;21,2;13;8;2;0
0;31;34;4,2;0;6;2;0
0;29;28;4,7;0;4;2;0
0;35;160;13,5;17;5;2;0
0;20;27;10,3;0;0;2;0
0;41;226;17,4;22;7;2;0
0;26;42;1,5;1;3;2;0
0;19;20;3,1;0;0;2;0
0;18;18;13,1;0;0;2;0
0;28;25;34,8;4;4;2;0
0;34;29;11,6;9;3;2;0
0;40;43;23,9;5;7;2;0
0;27;55;11,7;2;2;2;0
0;33;34;12,7;9;5;2;0
0;19;21;12,6;0;0;2;0
0;18;23;11,5;0;0;2;0
0;19;15;9,5;0;0;2;0
0;28;24;24,6;8;4;2;0
0;19;28;7,5;0;0;2;0
0;18;28;8,1;0;0;2;0
0;19;23;18,4;0;0;2;0
0;19;31;10,6;0;0;2;0
0;18;30;8,9;0;0;2;0
0;19;26;14,3;0;0;2;0
0;18;27;9,4;0;0;2;0
0;38;28;0,8;1;9;2;0
0;18;20;16,7;0;0;2;0
0;18;22;4,4;0;0;2;0
0;18;31;9,1;0;0;2;0
0;44;59;18,3;15;17;2;0
0;32;35;18,1;0;4;2;0
0;39;56;10,9;7;10;2;0
0;25;18;16,3;6;0;2;0
0;41;76;18;14;9;2;0
0;18;22;3,4;0;0;2;0
0;36;57;4,2;4;9;2;0
0;32;129;19,9;1;6;2;0
0;29;26;5,3;5;4;2;0
0;18;19;7;0;0;2;0
0;23;29;16,7;1;1;2;0
0;20;19;5,9;0;1;2;0
0;36;34;16,8;4;7;2;0
0;26;48;11,2;1;3;2;0
0;24;28;19,1;5;1;2;0
0;29;21;12,4;0;5;2;0
0;19;25;9,3;0;0;2;0
0;18;22;10,5;0;0;2;0
0;18;29;7,5;0;0;2;0
0;43;92;14,7;10;9;2;0
0;24;36;8,5;0;2;2;0
0;22;14;11,7;1;1;2;0
0;23;30;21,5;1;0;2;0
0;18;37;2,5;0;0;2;0
0;19;36;5,8;0;0;2;0
0;20;46;12,1;0;0;2;0
0;31;24;12,9;3;6;2;0
0;18;15;7,4;0;0;2;0
0;18;19;5,2;0;0;2;0
0;19;21;2;0;0;2;0
0;42;76;5,2;3;12;2;0
0;29;35;3,3;6;4;2;0
0;25;19;28,6;1;3;2;0
0;19;43;21,2;0;0;2;0
0;36;27;9,3;2;9;2;0
0;18;12;8,2;0;0;2;0
0;24;39;21,5;4;1;2;0
0;31;61;34,4;11;6;2;0
0;18;19;14;0;0;2;0
0;33;54;16,2;13;5;2;0
0;23;27;17,6;0;3;2;0
0;19;28;9,1;0;0;2;0
0;19;24;15,6;0;0;2;0
0;18;36;6,2;0;0;2;0
0;26;49;17,7;7;3;2;0
0;19;20;0,1;0;0;2;0
0;21;23;7,4;1;1;2;0
0;41;62;7;3;7;2;0
0;31;42;10,3;2;7;2;0
0;18;21;21,8;0;0;2;0
0;21;33;13,1;1;0;2;0
0;19;28;9,7;0;0;2;0
0;19;22;16,8;0;0;2;0
0;48;81;30;17;8;2;0
0;19;25;3,9;0;0;2;0
0;18;25;6,2;0;0;2;0
0;18;28;2,4;0;0;2;0
0;26;30;40,7;2;4;2;0
0;18;33;8,2;0;0;2;0
0;21;43;14,1;1;0;2;0
0;19;24;12,5;0;0;2;0
0;32;53;14,9;9;7;2;0
0;31;51;12,4;11;7;2;0
0;53;62;13,4;10;14;2;0
0;21;22;9,2;2;1;2;0
0;28;33;20,5;6;5;2;0
0;19;25;24,7;0;0;2;0
0;18;29;25,9;0;0;2;0
0;28;64;9,4;3;5;2;0
0;27;32;6,7;4;3;2;0
0;27;36;14,7;4;1;2;0
0;26;42;10,6;5;2;2;0
0;18;30;19,8;0;0;2;0
0;30;17;4,9;0;4;2;0
0;30;26;14,8;5;6;2;0
0;36;55;19,6;1;4;2;0
0;25;48;8,2;3;2;2;0
0;20;34;12,9;0;0;2;0
0;18;21;6,6;0;0;2;0
0;26;55;11;2;4;2;0
0;19;24;12,3;1;0;2;0
0;19;14;8,2;0;0;2;0
0;18;24;0,9;0;0;2;0
0;37;39;26,9;18;3;2;0
0;18;17;11,9;0;0;2;0
0;40;21;36,6;0;12;2;0
0;23;30;18,2;1;2;2;0
0;28;53;5,7;3;5;2;0
0;63;208;16,6;29;19;2;0
0;18;16;8,3;0;0;2;0
0;29;39;10,3;1;5;2;0
0;19;26;17,2;0;0;2;0
0;29;36;9,3;1;6;2;0
0;33;79;12,6;4;8;2;0
0;43;62;24,2;13;13;2;0
0;19;31;0,3;2;0;1;0
0;41;23;10,6;3;12;1;0
0;26;29;16,9;0;3;1;0
0;41;36;10,2;11;5;1;0
0;22;17;3,7;0;2;1;0
0;19;16;3,4;1;0;1;0
0;46;38;8,2;2;10;1;0
0;45;38;22,1;3;13;1;0
0;50;67;18,4;20;11;1;0
0;23;16;17,2;0;2;1;0
0;20;42;3,1;2;0;1;0
0;28;52;22,1;7;2;1;0
0;56;38;18,7;3;16;1;0
0;20;22;10,1;1;0;1;0
0;24;24;18;4;2;1;0
0;23;20;8,4;0;2;1;0
0;23;48;18;5;1;1;0
0;23;26;5,3;5;1;1;0
0;59;44;16,6;3;14;1;0
0;38;24;16,8;6;10;1;0
0;46;37;31,6;6;5;1;0
0;21;25;9,8;2;1;1;0
0;33;34;2,9;3;5;1;0
0;30;20;8,4;6;4;1;0
0;22;24;19,9;1;0;1;0
0;35;40;10,5;5;5;1;0
0;21;44;6,4;4;1;1;0
0;20;24;16,3;3;0;1;0
0;25;30;22,4;2;2;1;0
0;35;38;10,9;2;9;1;0
0;30;18;3;2;3;1;0
0;33;52;9,1;11;6;1;0
0;25;25;23,5;9;3;1;0
0;19;18;15,1;0;0;1;0
0;45;65;28,6;13;7;1;0
0;30;22;15,5;6;3;1;0
0;18;28;17;0;0;1;0
0;20;20;2,7;2;0;1;0
0;42;38;3,6;2;10;1;0
0;46;94;15,7;13;12;1;0
0;35;62;8,5;5;8;1;0
0;20;20;18,8;2;0;1;0
0;61;25;33;0;24;1;0
0;20;21;17,9;3;0;1;0
0;30;36;9,6;4;3;1;0
0;30;40;11,4;7;7;1;0
0;31;60;27,3;10;5;1;0
0;23;38;12,2;2;2;1;0
0;23;23;24,3;5;1;1;0
0;26;34;19;4;3;1;0
0;18;18;8;1;0;1;0
0;26;47;21,7;5;2;1;0
0;28;57;12,4;0;4;4;1
0;29;25;12;2;3;4;1
0;35;41;10,5;2;9;4;1
0;42;147;67;2;9;4;1
0;26;19;77;0;4;4;1
0;46;160;15,5;22;10;4;1
0;75;460;19,6;50;18;4;1
0;22;28;8,1;0;1;4;1
0;25;35;1,4;1;2;4;1
0;32;56;13,2;3;6;4;1
0;42;49;7,3;9;9;4;1
0;34;58;28,4;9;7;4;1
0;28;175;19,4;1;4;4;1
0;22;19;7,4;0;1;4;1
0;24;25;5,7;0;2;4;1
0;53;46;11,3;1;16;4;1
0;30;65;13,4;1;5;4;1
0;22;28;19,8;0;1;4;1
0;33;136;10,1;4;4;4;1
0;23;24;26,9;0;1;4;1
0;36;100;19,9;8;6;4;1
0;24;36;13;1;2;4;1
0;25;42;14,3;0;3;4;1
0;35;144;3,2;0;8;4;1
0;25;75;35;1;1;4;1
0;34;55;45;2;5;4;1
0;37;72;34;9;7;4;1
0;70;493;76;30;22;4;1
0;27;20;54;3;4;4;1
0;33;321;44;5;7;4;1
0;26;24;32;0;3;3;1
0;23;63;16,8;1;2;3;1
0;30;62;14,8;4;3;3;1
0;20;22;5,1;0;0;3;1
0;36;101;13,1;10;7;3;1
0;24;67;8,9;0;2;3;1
0;30;23;6,5;3;2;3;1
0;31;45;13,1;2;5;3;1
0;28;23;4,9;4;3;3;1
0;28;31;12,9;3;3;3;1
0;27;38;9,7;3;2;3;1
0;20;27;1;0;0;3;1
0;20;21;15,1;0;0;3;1
0;44;39;8,9;6;12;3;1
0;20;25;5;0;0;3;1
0;25;36;43;3;3;3;1
0;25;27;88;1;3;3;1
0;23;36;76;0;2;3;1
0;21;19;56;0;1;3;1
0;22;29;88;0;1;3;1
0;21;23;77;0;1;3;1
0;33;61;22;11;4;3;1
0;21;26;44;0;1;3;1
0;18;34;16,3;0;0;2;1
0;21;21;6,3;0;1;2;1
0;34;41;7,5;6;4;2;1
0;28;40;9,8;8;4;2;1
0;39;94;30,2;14;7;2;1
0;32;33;24,6;7;3;2;1
0;19;19;5,4;0;0;2;1
0;30;35;16,1;3;1;2;1
0;48;196;10,5;22;16;2;1
0;19;20;25,9;1;0;2;1
0;23;17;21,3;2;0;2;1
0;55;59;22;4;19;2;1
0;18;20;19;0;0;2;1
0;21;15;11,8;3;1;2;1
0;18;19;14,9;0;0;2;1
0;18;22;10,2;0;0;2;1
0;43;62;21,9;13;10;2;1
0;19;17;12,4;0;0;2;1
0;19;30;24,3;0;0;2;1
0;25;18;12,6;5;2;2;1
0;22;30;11,5;0;1;2;1
0;39;36;7,5;0;4;2;1
0;42;117;23,3;20;16;2;1
0;19;28;2,8;0;0;2;1
0;23;25;10,6;2;2;2;1
0;24;19;16,3;1;2;2;1
0;30;26;3,6;0;5;2;1
0;36;77;11,3;10;3;2;1
0;32;22;22,5;0;7;2;1
0;20;24;1,1;0;0;2;1
0;28;24;56;2;2;2;1
0;43;53;32;3;9;2;1
0;25;21;23;2;3;2;1
0;19;19;44;0;0;2;1
0;27;30;55;2;4;2;1
0;18;18;66;0;0;2;1
0;73;39;55;2;16;2;1
0;64;397;44;44;18;2;1
0;19;22;33;0;0;2;1
0;21;33;55;2;1;2;1
0;19;34;54;0;0;2;1
0;34;59;43;10;6;2;1
0;25;33;13,2;4;1;1;1
0;33;33;6,9;7;5;1;1
0;40;33;23,3;16;7;1;1
0;18;15;8,4;1;0;1;1
0;42;32;7,2;1;10;1;1
0;37;36;16,1;0;8;1;1
0;28;43;23,4;7;3;1;1
0;19;20;11,7;0;0;1;1
0;40;31;2,4;2;14;1;1
0;20;20;33;0;1;1;1
0;27;37;66;3;3;1;1
0;21;23;66;1;1;1;1
